{"cameraMode":{"drawMode":0,"name":"Shaded","section":"Shading Mode"},"sceneLighting":true,"audioPlay":false,"sceneViewState":{"showFog":true,"showMaterialUpdate":true,"showSkybox":true,"showFlares":true,"showImageEffects":true,"showParticleSystems":true,"showVisualEffectGraphs":true,"m_FxEnabled":true},"in2DMode":false,"pivot":{"x":38.457427978515628,"y":-7.4577789306640629,"z":-52.271053314208987},"rotation":{"x":0.2110908329486847,"y":0.4495061933994293,"z":-0.11001361906528473,"w":0.8611515760421753},"size":22.347402572631837,"orthographic":false}